Name,1970_TOTAL,1980_TOTAL,1990_TOTAL,2000_TOTAL,2014-2018_TOTAL,1970_URBAN,1980_URBAN,1990_URBAN,2000_URBAN,2014-2018_URBAN,,1970_RURAL,,1980_RURAL,1990_RURAL,2000_RURAL,2014-2018_RURAL
United States,10.7%,16.2%,20.3%,24.4%,31.5%,11.5%,17.5%,22.0%,26.2%,33.5%,,6.7%,,10.5%,12.3%,14.9%,19.6%
Alabama,7.8%,12.2%,15.7%,19.0%,24.9%,8.9%,13.7%,17.8%,21.7%,28.0%,,5.3%,,8.2%,9.8%,11.6%,15.2%
Alaska,14.1%,21.2%,23.1%,24.7%,29.2%,15.5%,22.5%,25.1%,26.6%,31.8%,,13.5%,,18.9%,19.2%,21.0%,23.9%
Arizona,12.6%,17.4%,20.3%,23.5%,28.9%,13.0%,17.9%,21.0%,24.2%,29.6%,,7.5%,,10.3%,9.8%,12.4%,15.8%
Arkansas,6.7%,10.8%,13.3%,16.7%,22.6%,8.2%,13.3%,16.3%,20.2%,26.8%,,5.1%,,8.3%,9.8%,12.2%,16.0%
California,13.4%,19.6%,23.4%,26.6%,33.3%,13.6%,19.7%,23.6%,26.8%,33.5%,,8.7%,,14.6%,15.6%,18.0%,23.2%
Colorado,14.9%,23.0%,27.0%,32.7%,40.1%,16.2%,24.0%,28.2%,34.0%,41.4%,,9.1%,,17.2%,19.8%,25.0%,31.8%
Connecticut,13.7%,20.7%,27.2%,31.4%,38.9%,13.8%,20.8%,27.3%,31.6%,39.2%,,12.0%,,18.6%,25.0%,27.5%,35.1%
Delaware,13.1%,17.5%,21.4%,25.0%,31.4%,13.1%,17.5%,21.4%,25.0%,31.4%,,,,,,,
District of Columbia,17.8%,27.5%,33.3%,39.1%,57.6%,17.8%,27.5%,33.3%,39.1%,57.6%,,,,,,,
Florida,10.3%,14.9%,18.3%,22.3%,29.2%,10.4%,14.8%,18.6%,22.8%,29.7%,,6.2%,,8.9%,10.8%,11.8%,14.5%
Georgia,9.2%,14.6%,19.3%,24.3%,30.7%,10.6%,16.5%,21.8%,27.2%,33.7%,,5.3%,,8.5%,10.1%,12.5%,16.3%
Hawaii,14.0%,20.3%,22.9%,26.2%,32.5%,15.0%,21.2%,23.8%,27.2%,33.2%,,7.4%,,15.3%,17.8%,21.3%,29.5%
Idaho,10.0%,15.8%,17.7%,21.7%,26.9%,11.1%,17.2%,19.4%,23.9%,29.1%,,8.6%,,14.0%,15.1%,18.0%,22.5%
Illinois,10.3%,16.2%,21.0%,26.1%,34.1%,11.0%,17.4%,22.6%,28.0%,36.2%,,6.1%,,9.5%,11.0%,13.5%,18.3%
Indiana,8.3%,12.5%,15.6%,19.4%,25.9%,9.2%,13.9%,17.4%,21.8%,28.7%,,5.8%,,8.7%,10.0%,12.0%,16.4%
Iowa,9.1%,13.9%,16.9%,21.2%,28.2%,11.7%,17.5%,21.1%,26.3%,33.9%,,6.9%,,10.7%,12.5%,15.5%,20.3%
Kansas,11.4%,17.0%,21.1%,25.8%,32.9%,13.7%,20.5%,25.4%,30.6%,38.2%,,8.6%,,12.6%,14.5%,17.6%,21.8%
Kentucky,7.2%,11.1%,13.6%,17.1%,23.6%,8.9%,13.8%,17.4%,21.8%,29.2%,,5.2%,,7.9%,9.1%,11.3%,15.8%
Louisiana,9.0%,13.9%,16.1%,18.7%,23.7%,9.7%,15.0%,17.4%,20.1%,25.5%,,6.3%,,9.3%,10.3%,11.9%,14.7%
Maine,8.4%,14.4%,18.8%,22.9%,30.9%,9.3%,15.4%,21.0%,25.4%,35.2%,,7.3%,,13.2%,16.0%,19.4%,24.9%
Maryland,13.9%,20.4%,26.5%,31.4%,39.6%,14.2%,20.6%,26.8%,31.9%,40.0%,,6.5%,,11.1%,14.3%,17.6%,26.1%
Massachusetts,12.6%,20.0%,27.2%,33.2%,42.9%,12.6%,20.0%,27.3%,33.2%,43.0%,,10.8%,,19.7%,26.0%,31.5%,40.0%
Michigan,9.4%,14.3%,17.4%,21.8%,28.6%,9.9%,15.0%,18.5%,23.3%,30.4%,,6.8%,,10.8%,12.2%,15.1%,20.7%
Minnesota,11.1%,17.4%,21.8%,27.4%,35.4%,13.1%,20.1%,25.1%,31.1%,39.4%,,6.7%,,10.8%,12.8%,16.4%,21.9%
Mississippi,8.1%,12.3%,14.7%,16.9%,21.8%,10.2%,15.2%,18.4%,20.7%,26.0%,,7.0%,,10.5%,12.3%,14.1%,18.2%
Missouri,9.0%,13.9%,17.8%,21.6%,28.6%,10.1%,15.9%,20.5%,24.9%,32.7%,,5.8%,,8.6%,10.2%,12.5%,16.8%
Montana,11.0%,17.5%,19.8%,24.4%,31.2%,14.1%,20.0%,22.2%,26.9%,33.5%,,9.5%,,16.1%,18.5%,23.1%,30.0%
Nebraska,9.6%,15.5%,18.9%,23.7%,31.3%,12.7%,19.3%,23.4%,28.6%,36.5%,,6.7%,,11.4%,13.4%,16.9%,22.1%
Nevada,10.8%,14.4%,15.3%,18.2%,24.2%,11.3%,14.8%,15.6%,18.6%,25.0%,,8.2%,,12.1%,12.9%,14.8%,17.6%
New Hampshire,10.9%,18.2%,24.4%,28.7%,36.5%,11.0%,18.6%,25.5%,30.2%,38.3%,,10.6%,,17.7%,22.5%,26.2%,33.4%
New Jersey,11.8%,18.3%,24.9%,29.8%,38.9%,11.8%,18.3%,24.9%,29.8%,38.9%,,,,,,,
New Mexico,12.7%,17.6%,20.4%,23.5%,27.1%,15.0%,20.4%,24.0%,27.0%,30.7%,,10.1%,,13.5%,14.6%,17.2%,19.7%
New York,11.9%,17.9%,23.1%,27.4%,35.9%,12.2%,18.4%,23.9%,28.2%,37.0%,,8.3%,,12.0%,14.3%,16.6%,22.3%
North Carolina,8.5%,13.2%,17.4%,22.5%,30.5%,9.6%,14.9%,19.6%,25.3%,33.7%,,5.8%,,9.1%,11.3%,14.3%,19.3%
North Dakota,8.4%,14.8%,18.1%,22.0%,29.5%,13.0%,20.8%,24.5%,28.2%,35.9%,,6.4%,,11.6%,13.9%,17.3%,23.3%
Ohio,9.3%,13.7%,17.0%,21.1%,27.8%,10.1%,14.8%,18.7%,23.3%,30.6%,,6.1%,,9.2%,10.4%,12.6%,16.9%
Oklahoma,10.0%,15.1%,17.8%,20.3%,25.2%,11.5%,17.1%,20.0%,22.7%,28.0%,,8.2%,,12.4%,14.3%,16.3%,19.8%
Oregon,11.8%,17.9%,20.6%,25.1%,32.9%,12.8%,19.4%,22.3%,27.2%,35.5%,,8.1%,,12.2%,13.5%,16.0%,19.6%
Pennsylvania,8.7%,13.6%,17.9%,22.4%,30.8%,9.2%,14.3%,19.0%,23.7%,32.5%,,5.5%,,8.6%,10.5%,12.9%,17.9%
Rhode Island,9.4%,15.4%,21.3%,25.6%,33.3%,9.4%,15.4%,21.3%,25.6%,33.3%,,,,,,,
South Carolina,9.0%,13.4%,16.6%,20.4%,27.4%,9.6%,14.3%,17.9%,21.9%,29.2%,,6.8%,,9.9%,11.4%,13.9%,17.5%
South Dakota,8.6%,14.0%,17.2%,21.5%,28.5%,9.5%,15.8%,19.7%,24.5%,31.7%,,8.2%,,13.0%,15.5%,19.3%,25.4%
Tennessee,7.9%,12.6%,16.0%,19.6%,26.6%,9.1%,14.4%,18.3%,22.4%,30.0%,,4.5%,,7.4%,8.8%,11.0%,15.5%
Texas,10.9%,16.9%,20.3%,23.2%,29.3%,11.9%,18.4%,22.0%,24.9%,30.9%,,6.9%,,10.2%,11.5%,13.5%,16.7%
Utah,14.0%,19.9%,22.3%,26.1%,33.3%,14.6%,20.7%,23.1%,26.8%,34.0%,,9.4%,,14.1%,15.9%,20.9%,27.1%
Vermont,11.5%,19.0%,24.3%,29.4%,37.3%,14.4%,22.1%,29.0%,34.8%,44.0%,,10.4%,,17.8%,22.3%,27.0%,34.0%
Virginia,12.3%,19.1%,24.5%,29.5%,38.2%,14.2%,21.7%,27.4%,32.6%,41.3%,,5.2%,,8.1%,9.7%,12.4%,17.4%
Washington,12.7%,19.0%,22.9%,27.7%,35.3%,13.1%,19.5%,23.7%,28.7%,36.4%,,10.1%,,14.7%,16.4%,19.8%,25.1%
West Virginia,6.8%,10.4%,12.3%,14.8%,20.3%,7.7%,11.9%,14.3%,17.1%,22.9%,,5.4%,,8.4%,9.5%,11.5%,16.0%
Wisconsin,9.8%,14.8%,17.7%,22.4%,29.5%,10.9%,16.4%,19.8%,25.0%,32.6%,,6.7%,,10.8%,12.4%,15.6%,21.2%
Wyoming,11.8%,17.2%,18.8%,21.9%,26.9%,13.2%,18.7%,20.5%,21.9%,25.9%,,11.1%,,16.5%,18.0%,21.9%,27.3%
Puerto Rico,,,,18.3%,25.3%,,,,18.5%,25.6%,,,,,,12.2%,19.3%
