,UNEMPLOYMENT_2010,UNEMPLOYMENT_2011,UNEMPLOYMENT_2012,UNEMPLOYMENT_2013,UNEMPLOYMENT_2014,UNEMPLOYMENT_2015,UNEMPLOYMENT_2016,UNEMPLOYMENT_2017,UNEMPLOYMENT_2018,UNEMPLOYMENT_Median Household Income (2018),State,State_Abbr
0,10.5,9.6,8.0,7.2,6.8,6.1,5.8,4.4,3.9,"$49,881",Alabama,AL
1,7.9,7.6,7.1,7.0,6.9,6.5,6.9,7.0,6.6,"$74,912",Alaska,AK
2,10.4,9.5,8.3,7.7,6.8,6.1,5.4,4.9,4.8,"$59,079",Arizona,AZ
3,8.2,8.3,7.6,7.2,6.0,5.0,4.0,3.7,3.7,"$47,094",Arkansas,AR
4,12.2,11.7,10.4,8.9,7.5,6.2,5.5,4.8,4.2,"$75,250",California,CA
5,8.7,8.4,7.9,6.9,5.0,3.9,3.2,2.7,3.3,"$71,949",Colorado,CO
6,9.1,8.8,8.3,7.8,6.6,5.7,5.1,4.7,4.1,"$76,366",Connecticut,CT
7,8.4,7.5,7.2,6.7,5.7,4.9,4.5,4.5,3.8,"$65,467",Delaware,DE
8,9.4,10.2,9.0,8.5,7.8,6.9,6.1,6.1,5.6,"$82,533",District of Columbia,DC
9,11.1,10.0,8.5,7.2,6.3,5.5,4.8,4.2,3.6,"$55,433",Florida,FL
10,10.5,10.2,9.2,8.2,7.1,6.0,5.4,4.7,3.9,"$58,634",Georgia,GA
11,6.9,6.8,6.0,4.9,4.4,3.6,3.0,2.4,2.4,"$80,527",Hawaii,HI
12,9.0,8.3,7.2,6.1,4.8,4.2,3.8,3.2,2.8,"$55,524",Idaho,ID
13,10.4,9.7,9.0,9.0,7.1,6.0,5.8,4.9,4.3,"$65,063",Illinois,IL
14,10.4,9.1,8.3,7.7,6.0,4.8,4.4,3.6,3.4,"$55,725",Indiana,IN
15,6.0,5.5,5.0,4.7,4.2,3.8,3.6,3.1,2.5,"$60,071",Iowa,IA
16,7.1,6.5,5.7,5.3,4.5,4.2,4.0,3.7,3.4,"$58,150",Kansas,KS
17,10.2,9.4,8.2,8.0,6.5,5.3,5.1,4.9,4.3,"$50,189",Kentucky,KY
18,8.0,7.8,7.1,6.7,6.4,6.3,6.1,5.1,4.9,"$48,021",Louisiana,LA
19,8.1,7.9,7.5,6.6,5.6,4.4,3.8,3.4,3.4,"$55,579",Maine,ME
20,7.7,7.2,7.0,6.6,5.8,5.1,4.5,4.3,3.9,"$83,076",Maryland,MD
21,8.3,7.3,6.7,6.7,5.7,4.8,3.9,3.8,3.3,"$79,817",Massachusetts,MA
22,12.6,10.4,9.1,8.8,7.2,5.4,5.0,4.6,4.1,"$56,640",Michigan,MI
23,7.4,6.5,5.6,5.0,4.2,3.7,3.9,3.4,2.9,"$70,295",Minnesota,MN
24,10.4,10.0,9.0,8.5,7.5,6.4,5.8,5.1,4.8,"$44,740",Mississippi,MS
25,9.6,8.5,6.9,6.7,6.1,5.0,4.6,3.8,3.2,"$54,412",Missouri,MO
26,7.3,6.9,6.0,5.4,4.7,4.2,4.1,3.9,3.7,"$55,248",Montana,MT
27,4.6,4.4,4.0,3.8,3.3,3.0,3.1,2.9,2.8,"$59,724",Nebraska,NE
28,13.5,13.0,11.2,9.6,7.9,6.8,5.7,5.1,4.6,"$58,740",Nevada,NV
29,5.8,5.4,5.5,5.1,4.3,3.4,2.9,2.7,2.5,"$75,322",New Hampshire,NH
30,9.5,9.3,9.3,8.2,6.8,5.8,5.0,4.6,4.1,"$81,777",New Jersey,NJ
31,8.1,7.5,7.1,6.9,6.7,6.5,6.6,5.9,4.9,"$47,405",New Mexico,NM
32,8.6,8.3,8.5,7.7,6.3,5.3,4.9,4.7,4.1,"$67,648",New York,NY
33,10.9,10.3,9.3,8.0,6.3,5.7,5.1,4.5,3.9,"$53,922",North Carolina,NC
34,3.8,3.5,3.1,2.9,2.7,2.8,3.1,2.7,2.6,"$65,250",North Dakota,ND
35,10.3,8.8,7.4,7.5,5.8,4.9,5.0,5.0,4.6,"$56,155",Ohio,OH
36,6.8,5.9,5.2,5.3,4.5,4.4,4.8,4.2,3.4,"$51,914",Oklahoma,OK
37,10.6,9.5,8.8,7.9,6.8,5.6,4.8,4.1,4.2,"$63,168",Oregon,OR
38,8.5,7.9,7.8,7.4,5.9,5.3,5.4,4.9,4.3,"$60,891",Pennsylvania,PA
39,11.2,11.0,10.4,9.3,7.7,6.0,5.2,4.4,4.1,"$63,787",Rhode Island,RI
40,11.2,10.6,9.2,7.6,6.5,6.0,5.0,4.3,3.4,"$52,449",South Carolina,SC
41,5.0,4.7,4.3,3.8,3.4,3.1,3.0,3.2,3.0,"$57,041",South Dakota,SD
42,9.7,9.0,7.8,7.8,6.6,5.6,4.7,3.8,3.5,"$52,366",Tennessee,TN
43,8.1,7.8,6.7,6.3,5.1,4.4,4.6,4.3,3.9,"$60,632",Texas,TX
44,7.8,6.7,5.4,4.6,3.8,3.6,3.4,3.3,3.1,"$71,381",Utah,UT
45,6.1,5.5,5.0,4.4,3.9,3.6,3.2,3.0,2.7,"$60,917",Vermont,VT
46,7.1,6.6,6.1,5.7,5.2,4.5,4.1,3.7,3.0,"$72,600",Virginia,VA
47,10.0,9.3,8.1,7.0,6.1,5.6,5.3,4.7,4.5,"$74,023",Washington,WA
48,8.7,8.1,7.5,6.8,6.6,6.7,6.1,5.2,5.3,"$44,038",West Virginia,WV
49,8.7,7.8,7.0,6.7,5.4,4.6,4.0,3.3,3.0,"$60,779",Wisconsin,WI
50,6.4,5.8,5.3,4.7,4.1,4.3,5.3,4.2,4.1,"$62,259",Wyoming,WY
