FIPS ,Name,2010,2011,2012,2013,2014,2015,2016,2017,2018,Median Household Income (2018),,
01000,Alabama,10.5,9.6,8.0,7.2,6.8,6.1,5.8,4.4,3.9,"$49,881",,
02000,Alaska,7.9,7.6,7.1,7.0,6.9,6.5,6.9,7.0,6.6,"$74,912",,
04000,Arizona,10.4,9.5,8.3,7.7,6.8,6.1,5.4,4.9,4.8,"$59,079",,
05000,Arkansas,8.2,8.3,7.6,7.2,6.0,5.0,4.0,3.7,3.7,"$47,094",,
06000,California,12.2,11.7,10.4,8.9,7.5,6.2,5.5,4.8,4.2,"$75,250",,
08000,Colorado,8.7,8.4,7.9,6.9,5.0,3.9,3.2,2.7,3.3,"$71,949",,
09000,Connecticut,9.1,8.8,8.3,7.8,6.6,5.7,5.1,4.7,4.1,"$76,366",,
10000,Delaware,8.4,7.5,7.2,6.7,5.7,4.9,4.5,4.5,3.8,"$65,467",,
11000,District of Columbia,9.4,10.2,9.0,8.5,7.8,6.9,6.1,6.1,5.6,"$82,533",,
12000,Florida,11.1,10.0,8.5,7.2,6.3,5.5,4.8,4.2,3.6,"$55,433",,
13000,Georgia,10.5,10.2,9.2,8.2,7.1,6.0,5.4,4.7,3.9,"$58,634",,
15000,Hawaii,6.9,6.8,6.0,4.9,4.4,3.6,3.0,2.4,2.4,"$80,527",,
16000,Idaho,9.0,8.3,7.2,6.1,4.8,4.2,3.8,3.2,2.8,"$55,524",,
17000,Illinois,10.4,9.7,9.0,9.0,7.1,6.0,5.8,4.9,4.3,"$65,063",,
18000,Indiana,10.4,9.1,8.3,7.7,6.0,4.8,4.4,3.6,3.4,"$55,725",,
19000,Iowa,6.0,5.5,5.0,4.7,4.2,3.8,3.6,3.1,2.5,"$60,071",,
20000,Kansas,7.1,6.5,5.7,5.3,4.5,4.2,4.0,3.7,3.4,"$58,150",,
21000,Kentucky,10.2,9.4,8.2,8.0,6.5,5.3,5.1,4.9,4.3,"$50,189",,
22000,Louisiana,8.0,7.8,7.1,6.7,6.4,6.3,6.1,5.1,4.9,"$48,021",,
23000,Maine,8.1,7.9,7.5,6.6,5.6,4.4,3.8,3.4,3.4,"$55,579",,
24000,Maryland,7.7,7.2,7.0,6.6,5.8,5.1,4.5,4.3,3.9,"$83,076",,
25000,Massachusetts,8.3,7.3,6.7,6.7,5.7,4.8,3.9,3.8,3.3,"$79,817",,
26000,Michigan,12.6,10.4,9.1,8.8,7.2,5.4,5.0,4.6,4.1,"$56,640",,
27000,Minnesota,7.4,6.5,5.6,5.0,4.2,3.7,3.9,3.4,2.9,"$70,295",,
28000,Mississippi,10.4,10.0,9.0,8.5,7.5,6.4,5.8,5.1,4.8,"$44,740",,
29000,Missouri,9.6,8.5,6.9,6.7,6.1,5.0,4.6,3.8,3.2,"$54,412",,
30000,Montana,7.3,6.9,6.0,5.4,4.7,4.2,4.1,3.9,3.7,"$55,248",,
31000,Nebraska,4.6,4.4,4.0,3.8,3.3,3.0,3.1,2.9,2.8,"$59,724",,
32000,Nevada,13.5,13.0,11.2,9.6,7.9,6.8,5.7,5.1,4.6,"$58,740",,
33000,New Hampshire,5.8,5.4,5.5,5.1,4.3,3.4,2.9,2.7,2.5,"$75,322",,
34000,New Jersey,9.5,9.3,9.3,8.2,6.8,5.8,5.0,4.6,4.1,"$81,777",,
35000,New Mexico,8.1,7.5,7.1,6.9,6.7,6.5,6.6,5.9,4.9,"$47,405",,
36000,New York,8.6,8.3,8.5,7.7,6.3,5.3,4.9,4.7,4.1,"$67,648",,
37000,North Carolina,10.9,10.3,9.3,8.0,6.3,5.7,5.1,4.5,3.9,"$53,922",,
38000,North Dakota,3.8,3.5,3.1,2.9,2.7,2.8,3.1,2.7,2.6,"$65,250",,
39000,Ohio,10.3,8.8,7.4,7.5,5.8,4.9,5.0,5.0,4.6,"$56,155",,
40000,Oklahoma,6.8,5.9,5.2,5.3,4.5,4.4,4.8,4.2,3.4,"$51,914",,
41000,Oregon,10.6,9.5,8.8,7.9,6.8,5.6,4.8,4.1,4.2,"$63,168",,
42000,Pennsylvania,8.5,7.9,7.8,7.4,5.9,5.3,5.4,4.9,4.3,"$60,891",,
44000,Rhode Island,11.2,11.0,10.4,9.3,7.7,6.0,5.2,4.4,4.1,"$63,787",,
45000,South Carolina,11.2,10.6,9.2,7.6,6.5,6.0,5.0,4.3,3.4,"$52,449",,
46000,South Dakota,5.0,4.7,4.3,3.8,3.4,3.1,3.0,3.2,3.0,"$57,041",,
47000,Tennessee,9.7,9.0,7.8,7.8,6.6,5.6,4.7,3.8,3.5,"$52,366",,
48000,Texas,8.1,7.8,6.7,6.3,5.1,4.4,4.6,4.3,3.9,"$60,632",,
49000,Utah,7.8,6.7,5.4,4.6,3.8,3.6,3.4,3.3,3.1,"$71,381",,
50000,Vermont,6.1,5.5,5.0,4.4,3.9,3.6,3.2,3.0,2.7,"$60,917",,
51000,Virginia,7.1,6.6,6.1,5.7,5.2,4.5,4.1,3.7,3.0,"$72,600",,
53000,Washington,10.0,9.3,8.1,7.0,6.1,5.6,5.3,4.7,4.5,"$74,023",,
54000,West Virginia,8.7,8.1,7.5,6.8,6.6,6.7,6.1,5.2,5.3,"$44,038",,
55000,Wisconsin,8.7,7.8,7.0,6.7,5.4,4.6,4.0,3.3,3.0,"$60,779",,
56000,Wyoming,6.4,5.8,5.3,4.7,4.1,4.3,5.3,4.2,4.1,"$62,259",,
72000,Puerto Rico,16.4,16.0,14.5,14.3,13.9,12.0,11.8,10.8,9.2,,,
