,EDUCATION_1970_TOTAL,EDUCATION_1980_TOTAL,EDUCATION_1990_TOTAL,EDUCATION_2000_TOTAL,EDUCATION_2014-2018_TOTAL,State,State_Abbr
0,7.8%,12.2%,15.7%,19.0%,24.9%,Alabama,AL
1,14.1%,21.2%,23.1%,24.7%,29.2%,Alaska,AK
2,12.6%,17.4%,20.3%,23.5%,28.9%,Arizona,AZ
3,6.7%,10.8%,13.3%,16.7%,22.6%,Arkansas,AR
4,13.4%,19.6%,23.4%,26.6%,33.3%,California,CA
5,14.9%,23.0%,27.0%,32.7%,40.1%,Colorado,CO
6,13.7%,20.7%,27.2%,31.4%,38.9%,Connecticut,CT
7,13.1%,17.5%,21.4%,25.0%,31.4%,Delaware,DE
8,17.8%,27.5%,33.3%,39.1%,57.6%,District of Columbia,DC
9,10.3%,14.9%,18.3%,22.3%,29.2%,Florida,FL
10,9.2%,14.6%,19.3%,24.3%,30.7%,Georgia,GA
11,14.0%,20.3%,22.9%,26.2%,32.5%,Hawaii,HI
12,10.0%,15.8%,17.7%,21.7%,26.9%,Idaho,ID
13,10.3%,16.2%,21.0%,26.1%,34.1%,Illinois,IL
14,8.3%,12.5%,15.6%,19.4%,25.9%,Indiana,IN
15,9.1%,13.9%,16.9%,21.2%,28.2%,Iowa,IA
16,11.4%,17.0%,21.1%,25.8%,32.9%,Kansas,KS
17,7.2%,11.1%,13.6%,17.1%,23.6%,Kentucky,KY
18,9.0%,13.9%,16.1%,18.7%,23.7%,Louisiana,LA
19,8.4%,14.4%,18.8%,22.9%,30.9%,Maine,ME
20,13.9%,20.4%,26.5%,31.4%,39.6%,Maryland,MD
21,12.6%,20.0%,27.2%,33.2%,42.9%,Massachusetts,MA
22,9.4%,14.3%,17.4%,21.8%,28.6%,Michigan,MI
23,11.1%,17.4%,21.8%,27.4%,35.4%,Minnesota,MN
24,8.1%,12.3%,14.7%,16.9%,21.8%,Mississippi,MS
25,9.0%,13.9%,17.8%,21.6%,28.6%,Missouri,MO
26,11.0%,17.5%,19.8%,24.4%,31.2%,Montana,MT
27,9.6%,15.5%,18.9%,23.7%,31.3%,Nebraska,NE
28,10.8%,14.4%,15.3%,18.2%,24.2%,Nevada,NV
29,10.9%,18.2%,24.4%,28.7%,36.5%,New Hampshire,NH
30,11.8%,18.3%,24.9%,29.8%,38.9%,New Jersey,NJ
31,12.7%,17.6%,20.4%,23.5%,27.1%,New Mexico,NM
32,11.9%,17.9%,23.1%,27.4%,35.9%,New York,NY
33,8.5%,13.2%,17.4%,22.5%,30.5%,North Carolina,NC
34,8.4%,14.8%,18.1%,22.0%,29.5%,North Dakota,ND
35,9.3%,13.7%,17.0%,21.1%,27.8%,Ohio,OH
36,10.0%,15.1%,17.8%,20.3%,25.2%,Oklahoma,OK
37,11.8%,17.9%,20.6%,25.1%,32.9%,Oregon,OR
38,8.7%,13.6%,17.9%,22.4%,30.8%,Pennsylvania,PA
39,9.4%,15.4%,21.3%,25.6%,33.3%,Rhode Island,RI
40,9.0%,13.4%,16.6%,20.4%,27.4%,South Carolina,SC
41,8.6%,14.0%,17.2%,21.5%,28.5%,South Dakota,SD
42,7.9%,12.6%,16.0%,19.6%,26.6%,Tennessee,TN
43,10.9%,16.9%,20.3%,23.2%,29.3%,Texas,TX
44,14.0%,19.9%,22.3%,26.1%,33.3%,Utah,UT
45,11.5%,19.0%,24.3%,29.4%,37.3%,Vermont,VT
46,12.3%,19.1%,24.5%,29.5%,38.2%,Virginia,VA
47,12.7%,19.0%,22.9%,27.7%,35.3%,Washington,WA
48,6.8%,10.4%,12.3%,14.8%,20.3%,West Virginia,WV
49,9.8%,14.8%,17.7%,22.4%,29.5%,Wisconsin,WI
50,11.8%,17.2%,18.8%,21.9%,26.9%,Wyoming,WY
