,UNEMPLOYMENT_2010,UNEMPLOYMENT_2011,UNEMPLOYMENT_2012,UNEMPLOYMENT_2013,UNEMPLOYMENT_2014,UNEMPLOYMENT_2015,UNEMPLOYMENT_2016,UNEMPLOYMENT_2017,UNEMPLOYMENT_2018,UNEMPLOYMENT_Median Household Income (2018),State_Abbr,POVERTY_PERCENT_TOTAL,EDUCATION_1970_TOTAL,EDUCATION_1980_TOTAL,EDUCATION_1990_TOTAL,EDUCATION_2000_TOTAL,EDUCATION_2014-2018_TOTAL,State
0,10.5,9.6,8.0,7.2,6.8,6.1,5.8,4.4,3.9,"$49,881",AL,16.8,7.8%,12.2%,15.7%,19.0%,24.9%,Alabama
1,7.9,7.6,7.1,7.0,6.9,6.5,6.9,7.0,6.6,"$74,912",AK,11.1,14.1%,21.2%,23.1%,24.7%,29.2%,Alaska
2,10.4,9.5,8.3,7.7,6.8,6.1,5.4,4.9,4.8,"$59,079",AZ,14.1,12.6%,17.4%,20.3%,23.5%,28.9%,Arizona
3,8.2,8.3,7.6,7.2,6.0,5.0,4.0,3.7,3.7,"$47,094",AR,16.8,6.7%,10.8%,13.3%,16.7%,22.6%,Arkansas
4,12.2,11.7,10.4,8.9,7.5,6.2,5.5,4.8,4.2,"$75,250",CA,12.8,13.4%,19.6%,23.4%,26.6%,33.3%,California
5,8.7,8.4,7.9,6.9,5.0,3.9,3.2,2.7,3.3,"$71,949",CO,9.7,14.9%,23.0%,27.0%,32.7%,40.1%,Colorado
6,9.1,8.8,8.3,7.8,6.6,5.7,5.1,4.7,4.1,"$76,366",CT,10.3,13.7%,20.7%,27.2%,31.4%,38.9%,Connecticut
7,8.4,7.5,7.2,6.7,5.7,4.9,4.5,4.5,3.8,"$65,467",DE,12.2,13.1%,17.5%,21.4%,25.0%,31.4%,Delaware
8,9.4,10.2,9.0,8.5,7.8,6.9,6.1,6.1,5.6,"$82,533",DC,16.1,17.8%,27.5%,33.3%,39.1%,57.6%,District of Columbia
9,11.1,10.0,8.5,7.2,6.3,5.5,4.8,4.2,3.6,"$55,433",FL,13.7,10.3%,14.9%,18.3%,22.3%,29.2%,Florida
10,10.5,10.2,9.2,8.2,7.1,6.0,5.4,4.7,3.9,"$58,634",GA,14.5,9.2%,14.6%,19.3%,24.3%,30.7%,Georgia
11,6.9,6.8,6.0,4.9,4.4,3.6,3.0,2.4,2.4,"$80,527",HI,9.0,14.0%,20.3%,22.9%,26.2%,32.5%,Hawaii
12,9.0,8.3,7.2,6.1,4.8,4.2,3.8,3.2,2.8,"$55,524",ID,11.7,10.0%,15.8%,17.7%,21.7%,26.9%,Idaho
13,10.4,9.7,9.0,9.0,7.1,6.0,5.8,4.9,4.3,"$65,063",IL,12.1,10.3%,16.2%,21.0%,26.1%,34.1%,Illinois
14,10.4,9.1,8.3,7.7,6.0,4.8,4.4,3.6,3.4,"$55,725",IN,13.0,8.3%,12.5%,15.6%,19.4%,25.9%,Indiana
15,6.0,5.5,5.0,4.7,4.2,3.8,3.6,3.1,2.5,"$60,071",IA,11.2,9.1%,13.9%,16.9%,21.2%,28.2%,Iowa
16,7.1,6.5,5.7,5.3,4.5,4.2,4.0,3.7,3.4,"$58,150",KS,11.9,11.4%,17.0%,21.1%,25.8%,32.9%,Kansas
17,10.2,9.4,8.2,8.0,6.5,5.3,5.1,4.9,4.3,"$50,189",KY,16.7,7.2%,11.1%,13.6%,17.1%,23.6%,Kentucky
18,8.0,7.8,7.1,6.7,6.4,6.3,6.1,5.1,4.9,"$48,021",LA,18.7,9.0%,13.9%,16.1%,18.7%,23.7%,Louisiana
19,8.1,7.9,7.5,6.6,5.6,4.4,3.8,3.4,3.4,"$55,579",ME,11.6,8.4%,14.4%,18.8%,22.9%,30.9%,Maine
20,7.7,7.2,7.0,6.6,5.8,5.1,4.5,4.3,3.9,"$83,076",MD,9.1,13.9%,20.4%,26.5%,31.4%,39.6%,Maryland
21,8.3,7.3,6.7,6.7,5.7,4.8,3.9,3.8,3.3,"$79,817",MA,10.0,12.6%,20.0%,27.2%,33.2%,42.9%,Massachusetts
22,12.6,10.4,9.1,8.8,7.2,5.4,5.0,4.6,4.1,"$56,640",MI,14.0,9.4%,14.3%,17.4%,21.8%,28.6%,Michigan
23,7.4,6.5,5.6,5.0,4.2,3.7,3.9,3.4,2.9,"$70,295",MN,9.6,11.1%,17.4%,21.8%,27.4%,35.4%,Minnesota
24,10.4,10.0,9.0,8.5,7.5,6.4,5.8,5.1,4.8,"$44,740",MS,19.8,8.1%,12.3%,14.7%,16.9%,21.8%,Mississippi
25,9.6,8.5,6.9,6.7,6.1,5.0,4.6,3.8,3.2,"$54,412",MO,13.2,9.0%,13.9%,17.8%,21.6%,28.6%,Missouri
26,7.3,6.9,6.0,5.4,4.7,4.2,4.1,3.9,3.7,"$55,248",MT,12.9,11.0%,17.5%,19.8%,24.4%,31.2%,Montana
27,4.6,4.4,4.0,3.8,3.3,3.0,3.1,2.9,2.8,"$59,724",NE,11.0,9.6%,15.5%,18.9%,23.7%,31.3%,Nebraska
28,13.5,13.0,11.2,9.6,7.9,6.8,5.7,5.1,4.6,"$58,740",NV,13.1,10.8%,14.4%,15.3%,18.2%,24.2%,Nevada
29,5.8,5.4,5.5,5.1,4.3,3.4,2.9,2.7,2.5,"$75,322",NH,7.6,10.9%,18.2%,24.4%,28.7%,36.5%,New Hampshire
30,9.5,9.3,9.3,8.2,6.8,5.8,5.0,4.6,4.1,"$81,777",NJ,9.5,11.8%,18.3%,24.9%,29.8%,38.9%,New Jersey
31,8.1,7.5,7.1,6.9,6.7,6.5,6.6,5.9,4.9,"$47,405",NM,18.8,12.7%,17.6%,20.4%,23.5%,27.1%,New Mexico
32,8.6,8.3,8.5,7.7,6.3,5.3,4.9,4.7,4.1,"$67,648",NY,13.7,11.9%,17.9%,23.1%,27.4%,35.9%,New York
33,10.9,10.3,9.3,8.0,6.3,5.7,5.1,4.5,3.9,"$53,922",NC,14.1,8.5%,13.2%,17.4%,22.5%,30.5%,North Carolina
34,3.8,3.5,3.1,2.9,2.7,2.8,3.1,2.7,2.6,"$65,250",ND,10.6,8.4%,14.8%,18.1%,22.0%,29.5%,North Dakota
35,10.3,8.8,7.4,7.5,5.8,4.9,5.0,5.0,4.6,"$56,155",OH,13.8,9.3%,13.7%,17.0%,21.1%,27.8%,Ohio
36,6.8,5.9,5.2,5.3,4.5,4.4,4.8,4.2,3.4,"$51,914",OK,15.5,10.0%,15.1%,17.8%,20.3%,25.2%,Oklahoma
37,10.6,9.5,8.8,7.9,6.8,5.6,4.8,4.1,4.2,"$63,168",OR,12.5,11.8%,17.9%,20.6%,25.1%,32.9%,Oregon
38,8.5,7.9,7.8,7.4,5.9,5.3,5.4,4.9,4.3,"$60,891",PA,12.2,8.7%,13.6%,17.9%,22.4%,30.8%,Pennsylvania
39,11.2,11.0,10.4,9.3,7.7,6.0,5.2,4.4,4.1,"$63,787",RI,12.8,9.4%,15.4%,21.3%,25.6%,33.3%,Rhode Island
40,11.2,10.6,9.2,7.6,6.5,6.0,5.0,4.3,3.4,"$52,449",SC,15.2,9.0%,13.4%,16.6%,20.4%,27.4%,South Carolina
41,5.0,4.7,4.3,3.8,3.4,3.1,3.0,3.2,3.0,"$57,041",SD,12.9,8.6%,14.0%,17.2%,21.5%,28.5%,South Dakota
42,9.7,9.0,7.8,7.8,6.6,5.6,4.7,3.8,3.5,"$52,366",TN,15.2,7.9%,12.6%,16.0%,19.6%,26.6%,Tennessee
43,8.1,7.8,6.7,6.3,5.1,4.4,4.6,4.3,3.9,"$60,632",TX,14.9,10.9%,16.9%,20.3%,23.2%,29.3%,Texas
44,7.8,6.7,5.4,4.6,3.8,3.6,3.4,3.3,3.1,"$71,381",UT,9.1,14.0%,19.9%,22.3%,26.1%,33.3%,Utah
45,6.1,5.5,5.0,4.4,3.9,3.6,3.2,3.0,2.7,"$60,917",VT,10.7,11.5%,19.0%,24.3%,29.4%,37.3%,Vermont
46,7.1,6.6,6.1,5.7,5.2,4.5,4.1,3.7,3.0,"$72,600",VA,10.7,12.3%,19.1%,24.5%,29.5%,38.2%,Virginia
47,10.0,9.3,8.1,7.0,6.1,5.6,5.3,4.7,4.5,"$74,023",WA,10.3,12.7%,19.0%,22.9%,27.7%,35.3%,Washington
48,8.7,8.1,7.5,6.8,6.6,6.7,6.1,5.2,5.3,"$44,038",WV,17.4,6.8%,10.4%,12.3%,14.8%,20.3%,West Virginia
49,8.7,7.8,7.0,6.7,5.4,4.6,4.0,3.3,3.0,"$60,779",WI,11.1,9.8%,14.8%,17.7%,22.4%,29.5%,Wisconsin
50,6.4,5.8,5.3,4.7,4.1,4.3,5.3,4.2,4.1,"$62,259",WY,10.7,11.8%,17.2%,18.8%,21.9%,26.9%,Wyoming
